{
  "data": [
    {
      "name": "Monaco Grand Prix",
      "location": "Monte Carlo",
      "entryFee": 1000000,
      "entrants": 16,
      "imageUrl": "images/CodingHorror.png",
      "isFlagship": true
    }, {
      "name": "Belgian Grand Prix",
      "entrants": 0,
      "entryFee": 2.99,
      "location": "Spa",
      "imageUrl": "images/CodingHorror.png",
      "isFlagship": false
    },
    {
      "name": "Le Mans 24 Hour Race",
      "entrants": 49,
      "entryFee": 750,
      "location": "Le Mans",
      "imageUrl": "images/CodingHorror.png",
      "isFlagship": true
    },
    {
      "name": "Indianapolis 500",
      "entrants": 38,
      "entryFee": 1500,
      "location": "Indianapolis Motor Speedway",
      "imageUrl": "images/CodingHorror.png",
      "isFlagship": true
    },
    {
      "name": "British Grand Prix",
      "location": "Silverstone",
      "entryFee": 50,
      "entrants": 22,
      "imageUrl": "images/CodingHorror.png",
      "isFlagship": false
    }
  ]
}
